{
  "Total" : {
    "transaction" : "Total",
    "sampleCount" : 10,
    "errorCount" : 0,
    "errorPct" : 0.0,
    "meanResTime" : 1265.5,
    "medianResTime" : 1362.0,
    "minResTime" : 510.0,
    "maxResTime" : 1636.0,
    "pct1ResTime" : 1628.7,
    "pct2ResTime" : 1636.0,
    "pct3ResTime" : 1636.0,
    "throughput" : 4.7303689687795645,
    "receivedKBytesPerSec" : 1442.0418933301798,
    "sentKBytesPerSec" : 0.6143936258278146
  },
  "all-student-name request" : {
    "transaction" : "all-student-name request",
    "sampleCount" : 10,
    "errorCount" : 0,
    "errorPct" : 0.0,
    "meanResTime" : 1265.5,
    "medianResTime" : 1362.0,
    "minResTime" : 510.0,
    "maxResTime" : 1636.0,
    "pct1ResTime" : 1628.7,
    "pct2ResTime" : 1636.0,
    "pct3ResTime" : 1636.0,
    "throughput" : 4.7303689687795645,
    "receivedKBytesPerSec" : 1442.0418933301798,
    "sentKBytesPerSec" : 0.6143936258278146
  }
}